sample,Locus,allele1,allele2
q1,D3S1358,any,any
q1,vWA,16,18
q1,D16S539,13,9
q1,CSF1PO,10,13
q1,TPOX,any,any
q1,D8S1179,15,16
q1,D21S11,29,32.2
q1,D18S51,14,19
q1,D2S441,any,any
q1,D19S433,13.2,14
q1,TH01,6,8
q1,FGA,21,28
q1,D22S1045,any,any
q1,D5S818,10,any
q1,D13S317,11,8
q1,D7S820,13,8
q1,SE33,17,21
q1,D10S1248,13,14
q1,D1S1656,14,16
q1,D12S391,18,19
q1,D2S1338,any,any
q2,D3S1358,11,13
q2,vWA,16,18
q2,D16S539,13,9
q2,CSF1PO,10,13
q2,TPOX,any,any
q2,D8S1179,15,16
q2,D21S11,29,32.2
q2,D18S51,14,19
q2,D2S441,any,any
q2,D19S433,13.2,14
q2,TH01,6,8
q2,FGA,21,28
q2,D22S1045,any,any
q2,D5S818,10,any
q2,D13S317,11,8
q2,D7S820,13,8
q2,SE33,17,21
q2,D10S1248,13,14
q2,D1S1656,14,16
q2,D12S391,18,19
q2,D2S1338,any,any